{
"lines": [
[4.192000e-01,5.902386e+00,3.937939e-01,2.901700e-01,5.807186e+00,3.937939e-01,7.500000e-01,0,0],
[4.192000e-01,5.711987e+00,3.810909e-01,2.901700e-01,5.807186e+00,3.937939e-01,8.709677e-01,0,0],
[4.192000e-01,6.092786e+00,4.064970e-01,6.702000e-02,5.949986e+00,4.064970e-01,6.290323e-01,0,0],
[2.901700e-01,5.807186e+00,3.937939e-01,6.702000e-02,5.949986e+00,4.064970e-01,8.104839e-01,0,0],
[4.192000e-01,5.521587e+00,3.683879e-01,2.861400e-01,5.426387e+00,3.683879e-01,9.919355e-01,0,0]
],
"spheres": [
[0,0,0, 1 ,1,0,0],
[0,-2.5,0, 2 ,0,1,0],
[0,-7,0, 3 ,0,0,1]
],
"text": [
[4.192000e-01,5.902386e+00,3.937939e-01,"BAI1_HUMAN/944-1191"],
[4.192000e-01,5.711987e+00,3.810909e-01,"BAI2_HUMAN/917-1197"],
[4.192000e-01,6.092786e+00,4.064970e-01,"GPR64_HUMAN/625-886"],
[4.192000e-01,5.521587e+00,3.683879e-01,"LPHN3_BOVIN/942-1198"],
[4.192000e-01,5.331188e+00,3.556848e-01,"O97802_BOVIN/769-1016"],
[4.192000e-01,5.140788e+00,3.429818e-01,"Q17505_CAEEL/548-799"],
[4.192000e-01,4.759989e+00,3.175758e-01,"CD97_HUMAN/544-793"],
[4.192000e-01,4.569589e+00,3.048727e-01,"CD97_MOUSE/526-777"],
[4.192000e-01,4.950388e+00,3.302788e-01,"EMR1_HUMAN/599-851"],
[4.192000e-01,4.379190e+00,2.921697e-01,"CELR3_RAT/2534-2777"],
[4.192000e-01,4.188790e+00,2.794667e-01,"CELR1_MOUSE/2480-2723"],
[4.192000e-01,3.807991e+00,2.540606e-01,"CALCR_RAT/145-435"],
[4.192000e-01,3.617592e+00,2.413576e-01,"CALRL_HUMAN/138-391"],
[4.192000e-01,3.427192e+00,2.286545e-01,"CRFR1_RAT/116-370"],
[4.192000e-01,3.236792e+00,2.159515e-01,"CRFR2_XENLA/115-368"],
[4.192000e-01,3.046393e+00,2.032485e-01,"DIHR_MANSE/83-351"],
[4.192000e-01,2.855993e+00,1.905455e-01,"DIHR_ACHDO/130-393"],
[4.192000e-01,2.475194e+00,1.651394e-01,"GIPR_HUMAN/134-399"],
[4.192000e-01,2.284795e+00,1.524364e-01,"GLR_HUMAN/138-407"],
[4.192000e-01,2.665594e+00,1.778424e-01,"GLP1R_RAT/141-409"],
[4.192000e-01,2.094395e+00,1.397333e-01,"GLP2R_RAT/175-443"],
[4.192000e-01,1.903996e+00,1.270303e-01,"PTHR1_HUMAN/184-466"],
[4.192000e-01,1.713596e+00,1.143273e-01,"PTHR2_HUMAN/141-420"],
[4.192000e-01,3.807991e-01,2.540606e-02,"VIPR1_RAT/140-397"],
[4.192000e-01,1.903996e-01,1.270303e-02,"Q9YHC6_RANRI/126-382"],
[4.192000e-01,5.711987e-01,3.810909e-02,"VIPR_CARAU/100-359"],
[4.192000e-01,7.615982e-01,5.081212e-02,"VIPR2_HUMAN/123-382"],
[4.192000e-01,9.519978e-01,6.351515e-02,"PACR_MOUSE/150-435"],
[4.192000e-01,1.142397e+00,7.621818e-02,"SCTR_RABIT/135-391"],
[4.192000e-01,1.332797e+00,8.892121e-02,"O73768_CARAU/133-390"],
[4.192000e-01,1.523196e+00,1.016242e-01,"GHRHR_MOUSE/126-383"],
[4.192000e-01,3.998391e+00,2.667636e-01,"SEB1_CAEEL/164-436"],
[4.192000e-01,6.283185e+00,4.192000e-01,"MTH_DROME/211-480"]
]
}